ResidueA,ResidueB,Accuracy
ALA,ALA,0.8
ALA,ARG,0.5714285714285714
ALA,ASN,0.6666666666666666
ALA,ASP,0.25
ALA,CYS,1.0
ALA,GLN,0.6666666666666666
ALA,GLU,1.0
ALA,GLY,1.0
ALA,HIS,0.0
ALA,ILE,0.6666666666666666
ALA,LEU,0.7777777777777778
ALA,LYS,1.0
ALA,MET,1.0
ALA,PHE,1.0
ALA,PRO,0.8333333333333334
ALA,SER,1.0
ALA,THR,0.875
ALA,TRP,1.0
ALA,TYR,0.8571428571428571
ALA,VAL,1.0
ARG,ALA,1.0
ARG,ARG,0.7
ARG,ASN,1.0
ARG,ASP,0.5
ARG,CYS,0.0
ARG,GLN,0.9
ARG,GLU,1.0
ARG,GLY,1.0
ARG,HIS,1.0
ARG,ILE,0.5
ARG,LEU,0.5714285714285714
ARG,LYS,1.0
ARG,MET,1.0
ARG,PHE,0.6
ARG,PRO,0.5
ARG,SER,0.8
ARG,THR,0.8
ARG,TYR,0.75
ARG,VAL,1.0
ASN,ALA,1.0
ASN,ARG,1.0
ASN,ASN,0.3333333333333333
ASN,ASP,0.5
ASN,CYS,1.0
ASN,GLN,1.0
ASN,GLU,0.875
ASN,GLY,0.6666666666666666
ASN,ILE,1.0
ASN,LEU,0.0
ASN,LYS,1.0
ASN,PHE,1.0
ASN,PRO,1.0
ASN,SER,0.25
ASN,THR,0.5714285714285714
ASN,TYR,0.0
ASP,ALA,1.0
ASP,ARG,1.0
ASP,ASN,1.0
ASP,ASP,0.5
ASP,GLN,0.6666666666666666
ASP,GLU,1.0
ASP,GLY,1.0
ASP,HIS,0.5
ASP,LEU,1.0
ASP,LYS,0.7142857142857143
ASP,PHE,0.5
ASP,PRO,1.0
ASP,SER,0.8333333333333334
ASP,THR,0.7142857142857143
ASP,TYR,0.0
ASP,VAL,1.0
CYS,ALA,1.0
CYS,ARG,0.0
CYS,ASN,1.0
CYS,CYS,0.6666666666666666
CYS,GLU,0.5
CYS,GLY,1.0
CYS,ILE,0.5
CYS,LEU,1.0
CYS,LYS,0.6666666666666666
CYS,THR,0.0
GLN,ALA,1.0
GLN,ARG,0.75
GLN,ASN,1.0
GLN,ASP,0.0
GLN,GLN,0.5
GLN,GLU,1.0
GLN,GLY,1.0
GLN,HIS,1.0
GLN,ILE,1.0
GLN,LEU,1.0
GLN,LYS,1.0
GLN,PHE,0.0
GLN,PRO,1.0
GLN,SER,0.0
GLN,THR,1.0
GLN,TYR,0.3333333333333333
GLN,VAL,0.5
GLU,ALA,0.875
GLU,ARG,0.6666666666666666
GLU,ASN,0.5
GLU,ASP,1.0
GLU,CYS,1.0
GLU,GLN,1.0
GLU,GLU,0.7142857142857143
GLU,GLY,1.0
GLU,HIS,1.0
GLU,ILE,0.5
GLU,LEU,0.8571428571428571
GLU,LYS,0.8947368421052632
GLU,MET,1.0
GLU,PHE,0.5
GLU,PRO,0.75
GLU,SER,0.375
GLU,THR,0.8
GLU,TRP,1.0
GLU,TYR,1.0
GLU,VAL,0.6666666666666666
GLY,ALA,0.75
GLY,ARG,1.0
GLY,ASN,0.6
GLY,ASP,1.0
GLY,CYS,0.0
GLY,GLN,0.5
GLY,GLU,1.0
GLY,GLY,0.8333333333333334
GLY,ILE,1.0
GLY,LEU,0.8
GLY,LYS,0.6666666666666666
GLY,MET,1.0
GLY,PRO,0.42857142857142855
GLY,SER,0.0
GLY,THR,0.0
GLY,TRP,1.0
GLY,TYR,0.0
GLY,VAL,0.5
HIS,ALA,0.0
HIS,ARG,1.0
HIS,ASN,1.0
HIS,ASP,1.0
HIS,GLN,1.0
HIS,GLU,1.0
HIS,GLY,1.0
HIS,HIS,0.3333333333333333
HIS,ILE,0.0
HIS,LEU,0.5
HIS,LYS,1.0
HIS,PRO,1.0
HIS,SER,1.0
HIS,THR,0.5
HIS,TRP,1.0
HIS,TYR,0.5
HIS,VAL,0.0
ILE,ALA,1.0
ILE,ARG,0.0
ILE,ASN,0.75
ILE,ASP,0.5
ILE,GLN,1.0
ILE,GLU,0.0
ILE,GLY,1.0
ILE,HIS,0.6666666666666666
ILE,ILE,1.0
ILE,LEU,0.9
ILE,LYS,0.5
ILE,MET,1.0
ILE,PHE,0.8
ILE,PRO,1.0
ILE,SER,0.6
ILE,THR,0.5
ILE,TYR,1.0
ILE,VAL,0.7
LEU,ALA,0.8333333333333334
LEU,ARG,0.6
LEU,ASN,0.6666666666666666
LEU,ASP,1.0
LEU,CYS,1.0
LEU,GLN,1.0
LEU,GLU,0.6666666666666666
LEU,GLY,0.6666666666666666
LEU,HIS,0.6666666666666666
LEU,ILE,0.8571428571428571
LEU,LEU,0.7272727272727273
LEU,LYS,0.9
LEU,MET,0.6666666666666666
LEU,PHE,0.875
LEU,PRO,0.4
LEU,SER,1.0
LEU,THR,0.6
LEU,TRP,0.3333333333333333
LEU,TYR,0.2857142857142857
LEU,VAL,0.625
LYS,ALA,1.0
LYS,ARG,0.8888888888888888
LYS,ASN,1.0
LYS,ASP,0.8333333333333334
LYS,CYS,1.0
LYS,GLN,1.0
LYS,GLU,0.8888888888888888
LYS,GLY,1.0
LYS,HIS,1.0
LYS,LEU,1.0
LYS,LYS,0.9090909090909091
LYS,MET,0.5
LYS,PHE,0.5
LYS,PRO,1.0
LYS,SER,1.0
LYS,THR,1.0
LYS,TRP,1.0
LYS,TYR,1.0
LYS,VAL,0.0
MET,ALA,1.0
MET,ARG,1.0
MET,ASN,0.0
MET,GLU,0.0
MET,LEU,1.0
MET,LYS,1.0
MET,MET,1.0
MET,PRO,0.0
MET,SER,1.0
MET,THR,1.0
MET,TYR,0.6666666666666666
MET,VAL,1.0
PHE,ALA,1.0
PHE,ARG,0.5
PHE,ASN,1.0
PHE,ASP,0.8333333333333334
PHE,GLU,0.0
PHE,GLY,1.0
PHE,ILE,0.8571428571428571
PHE,LEU,0.9
PHE,LYS,1.0
PHE,MET,1.0
PHE,PHE,1.0
PHE,PRO,0.5
PHE,SER,0.6
PHE,THR,1.0
PHE,TYR,1.0
PHE,VAL,0.5
PRO,ALA,0.0
PRO,ARG,0.0
PRO,ASP,0.4
PRO,CYS,1.0
PRO,GLN,1.0
PRO,GLU,0.6666666666666666
PRO,GLY,0.5
PRO,HIS,0.6666666666666666
PRO,ILE,1.0
PRO,LEU,0.0
PRO,LYS,1.0
PRO,MET,0.0
PRO,PHE,1.0
PRO,PRO,0.0
PRO,SER,0.5
PRO,THR,0.75
PRO,TRP,0.0
PRO,TYR,1.0
SER,ALA,0.75
SER,ARG,0.6666666666666666
SER,ASN,0.6666666666666666
SER,ASP,0.6
SER,CYS,1.0
SER,GLU,0.5
SER,GLY,1.0
SER,ILE,1.0
SER,LEU,0.8888888888888888
SER,LYS,1.0
SER,PHE,0.5
SER,PRO,1.0
SER,SER,0.6153846153846154
SER,THR,0.3333333333333333
SER,TRP,0.0
SER,TYR,0.0
SER,VAL,0.8333333333333334
THR,ALA,1.0
THR,ARG,1.0
THR,ASN,0.7142857142857143
THR,ASP,1.0
THR,GLN,1.0
THR,GLU,1.0
THR,GLY,0.6666666666666666
THR,HIS,1.0
THR,ILE,0.8333333333333334
THR,LYS,1.0
THR,MET,0.5
THR,PHE,0.6666666666666666
THR,PRO,0.5
THR,SER,0.6666666666666666
THR,THR,0.5
THR,TRP,1.0
THR,TYR,0.0
THR,VAL,0.5
TRP,ALA,0.8
TRP,ARG,0.3333333333333333
TRP,ASN,1.0
TRP,ASP,0.0
TRP,GLN,1.0
TRP,GLU,1.0
TRP,ILE,0.0
TRP,LEU,0.6666666666666666
TRP,LYS,0.5
TRP,MET,0.0
TRP,PHE,1.0
TRP,PRO,1.0
TRP,SER,1.0
TRP,THR,0.0
TRP,TRP,1.0
TRP,TYR,1.0
TYR,ALA,1.0
TYR,ARG,0.5
TYR,ASN,0.0
TYR,ASP,1.0
TYR,GLU,1.0
TYR,GLY,1.0
TYR,ILE,0.0
TYR,LEU,1.0
TYR,LYS,0.5
TYR,MET,0.5
TYR,PHE,1.0
TYR,PRO,1.0
TYR,SER,1.0
TYR,THR,0.6666666666666666
TYR,TRP,1.0
TYR,TYR,0.7777777777777778
TYR,VAL,0.6666666666666666
VAL,ALA,0.8571428571428571
VAL,ARG,0.5
VAL,ASN,0.6666666666666666
VAL,CYS,1.0
VAL,GLN,0.75
VAL,GLU,0.6666666666666666
VAL,GLY,1.0
VAL,HIS,1.0
VAL,ILE,0.8333333333333334
VAL,LEU,1.0
VAL,LYS,1.0
VAL,MET,0.0
VAL,PHE,1.0
VAL,PRO,0.6666666666666666
VAL,SER,1.0
VAL,THR,1.0
VAL,TRP,0.5
VAL,TYR,0.2
VAL,VAL,0.8666666666666667
