ResidueA,ResidueB,Accuracy,ResiduePair
ALA,ALA,0.4666666666666667,ALA-ALA
ALA,ARG,1.0,ALA-ARG
ALA,ASN,0.5,ALA-ASN
ALA,ASP,0.25,ALA-ASP
ALA,CYS,0.5,ALA-CYS
ALA,GLN,0.6666666666666666,ALA-GLN
ALA,GLU,0.8571428571428571,ALA-GLU
ALA,GLY,0.5,ALA-GLY
ALA,HIS,1.0,ALA-HIS
ALA,ILE,0.0,ALA-ILE
ALA,LEU,0.2222222222222222,ALA-LEU
ALA,LYS,1.0,ALA-LYS
ALA,MET,0.0,ALA-MET
ALA,PHE,0.25,ALA-PHE
ALA,PRO,0.8333333333333334,ALA-PRO
ALA,SER,0.3333333333333333,ALA-SER
ALA,THR,0.375,ALA-THR
ALA,TRP,0.0,ALA-TRP
ALA,TYR,0.14285714285714285,ALA-TYR
ALA,VAL,0.3333333333333333,ALA-VAL
ARG,ALA,1.0,ARG-ALA
ARG,ARG,0.9,ARG-ARG
ARG,ASN,0.6666666666666666,ARG-ASN
ARG,ASP,0.6666666666666666,ARG-ASP
ARG,CYS,1.0,ARG-CYS
ARG,GLN,0.7,ARG-GLN
ARG,GLU,0.25,ARG-GLU
ARG,GLY,1.0,ARG-GLY
ARG,HIS,1.0,ARG-HIS
ARG,ILE,0.5,ARG-ILE
ARG,LEU,0.7142857142857143,ARG-LEU
ARG,LYS,1.0,ARG-LYS
ARG,MET,1.0,ARG-MET
ARG,PHE,1.0,ARG-PHE
ARG,PRO,0.5,ARG-PRO
ARG,SER,0.8,ARG-SER
ARG,THR,0.8,ARG-THR
ARG,TYR,0.75,ARG-TYR
ARG,VAL,0.5,ARG-VAL
ASN,ALA,1.0,ASN-ALA
ASN,ARG,0.75,ASN-ARG
ASN,ASN,0.3333333333333333,ASN-ASN
ASN,ASP,1.0,ASN-ASP
ASN,CYS,0.5,ASN-CYS
ASN,GLN,1.0,ASN-GLN
ASN,GLU,0.75,ASN-GLU
ASN,GLY,0.8333333333333334,ASN-GLY
ASN,ILE,1.0,ASN-ILE
ASN,LEU,0.0,ASN-LEU
ASN,LYS,0.5,ASN-LYS
ASN,PHE,1.0,ASN-PHE
ASN,PRO,0.3333333333333333,ASN-PRO
ASN,SER,0.0,ASN-SER
ASN,THR,0.7142857142857143,ASN-THR
ASN,TYR,0.75,ASN-TYR
ASP,ALA,1.0,ASP-ALA
ASP,ARG,0.5,ASP-ARG
ASP,ASN,0.5,ASP-ASN
ASP,ASP,0.5,ASP-ASP
ASP,GLN,1.0,ASP-GLN
ASP,GLU,1.0,ASP-GLU
ASP,GLY,0.6,ASP-GLY
ASP,HIS,1.0,ASP-HIS
ASP,LEU,0.75,ASP-LEU
ASP,LYS,0.7142857142857143,ASP-LYS
ASP,PHE,0.5,ASP-PHE
ASP,PRO,0.5,ASP-PRO
ASP,SER,0.6666666666666666,ASP-SER
ASP,THR,0.5714285714285714,ASP-THR
ASP,TYR,1.0,ASP-TYR
ASP,VAL,0.5,ASP-VAL
CYS,ALA,0.5,CYS-ALA
CYS,ARG,0.0,CYS-ARG
CYS,ASN,1.0,CYS-ASN
CYS,CYS,0.0,CYS-CYS
CYS,GLU,0.5,CYS-GLU
CYS,GLY,0.0,CYS-GLY
CYS,ILE,0.0,CYS-ILE
CYS,LEU,0.0,CYS-LEU
CYS,LYS,0.6666666666666666,CYS-LYS
CYS,THR,0.5,CYS-THR
GLN,ALA,0.6666666666666666,GLN-ALA
GLN,ARG,0.75,GLN-ARG
GLN,ASN,0.6,GLN-ASN
GLN,ASP,1.0,GLN-ASP
GLN,GLN,0.6666666666666666,GLN-GLN
GLN,GLU,1.0,GLN-GLU
GLN,GLY,0.3333333333333333,GLN-GLY
GLN,HIS,0.4,GLN-HIS
GLN,ILE,1.0,GLN-ILE
GLN,LEU,1.0,GLN-LEU
GLN,LYS,0.25,GLN-LYS
GLN,PHE,0.25,GLN-PHE
GLN,PRO,0.6666666666666666,GLN-PRO
GLN,SER,0.0,GLN-SER
GLN,THR,0.5,GLN-THR
GLN,TYR,0.3333333333333333,GLN-TYR
GLN,VAL,1.0,GLN-VAL
GLU,ALA,0.75,GLU-ALA
GLU,ARG,0.6666666666666666,GLU-ARG
GLU,ASN,1.0,GLU-ASN
GLU,ASP,0.6666666666666666,GLU-ASP
GLU,CYS,1.0,GLU-CYS
GLU,GLN,1.0,GLU-GLN
GLU,GLU,0.7142857142857143,GLU-GLU
GLU,GLY,0.5,GLU-GLY
GLU,HIS,1.0,GLU-HIS
GLU,ILE,0.25,GLU-ILE
GLU,LEU,0.8571428571428571,GLU-LEU
GLU,LYS,0.8947368421052632,GLU-LYS
GLU,MET,1.0,GLU-MET
GLU,PHE,0.5,GLU-PHE
GLU,PRO,0.75,GLU-PRO
GLU,SER,0.625,GLU-SER
GLU,THR,0.8,GLU-THR
GLU,TRP,0.5,GLU-TRP
GLU,TYR,0.0,GLU-TYR
GLU,VAL,0.3333333333333333,GLU-VAL
GLY,ALA,0.25,GLY-ALA
GLY,ARG,1.0,GLY-ARG
GLY,ASN,0.4,GLY-ASN
GLY,ASP,1.0,GLY-ASP
GLY,CYS,0.0,GLY-CYS
GLY,GLN,0.5,GLY-GLN
GLY,GLU,1.0,GLY-GLU
GLY,GLY,0.3333333333333333,GLY-GLY
GLY,ILE,0.0,GLY-ILE
GLY,LEU,0.4,GLY-LEU
GLY,LYS,0.6666666666666666,GLY-LYS
GLY,MET,0.0,GLY-MET
GLY,PRO,0.7142857142857143,GLY-PRO
GLY,SER,0.0,GLY-SER
GLY,THR,0.0,GLY-THR
GLY,TRP,0.0,GLY-TRP
GLY,TYR,1.0,GLY-TYR
GLY,VAL,0.5,GLY-VAL
HIS,ALA,0.0,HIS-ALA
HIS,ARG,0.0,HIS-ARG
HIS,ASN,0.0,HIS-ASN
HIS,ASP,1.0,HIS-ASP
HIS,GLN,1.0,HIS-GLN
HIS,GLU,0.5,HIS-GLU
HIS,GLY,1.0,HIS-GLY
HIS,HIS,0.6666666666666666,HIS-HIS
HIS,ILE,0.0,HIS-ILE
HIS,LEU,0.5,HIS-LEU
HIS,LYS,0.4,HIS-LYS
HIS,PRO,1.0,HIS-PRO
HIS,SER,1.0,HIS-SER
HIS,THR,0.5,HIS-THR
HIS,TRP,1.0,HIS-TRP
HIS,TYR,0.5,HIS-TYR
HIS,VAL,0.0,HIS-VAL
ILE,ALA,0.6666666666666666,ILE-ALA
ILE,ARG,1.0,ILE-ARG
ILE,ASN,0.5,ILE-ASN
ILE,ASP,0.5,ILE-ASP
ILE,GLN,0.5,ILE-GLN
ILE,GLU,1.0,ILE-GLU
ILE,GLY,0.0,ILE-GLY
ILE,HIS,0.3333333333333333,ILE-HIS
ILE,ILE,0.0,ILE-ILE
ILE,LEU,0.1,ILE-LEU
ILE,LYS,0.75,ILE-LYS
ILE,MET,0.0,ILE-MET
ILE,PHE,0.3,ILE-PHE
ILE,PRO,1.0,ILE-PRO
ILE,SER,0.4,ILE-SER
ILE,THR,0.5,ILE-THR
ILE,TYR,0.0,ILE-TYR
ILE,VAL,0.2,ILE-VAL
LEU,ALA,0.3333333333333333,LEU-ALA
LEU,ARG,0.4,LEU-ARG
LEU,ASN,0.3333333333333333,LEU-ASN
LEU,ASP,0.8571428571428571,LEU-ASP
LEU,CYS,0.5,LEU-CYS
LEU,GLN,0.8,LEU-GLN
LEU,GLU,0.6666666666666666,LEU-GLU
LEU,GLY,0.5,LEU-GLY
LEU,HIS,0.6666666666666666,LEU-HIS
LEU,ILE,0.0,LEU-ILE
LEU,LEU,0.21212121212121213,LEU-LEU
LEU,LYS,0.8,LEU-LYS
LEU,MET,0.3333333333333333,LEU-MET
LEU,PHE,0.25,LEU-PHE
LEU,PRO,0.6,LEU-PRO
LEU,SER,0.0,LEU-SER
LEU,THR,1.0,LEU-THR
LEU,TRP,0.0,LEU-TRP
LEU,TYR,0.14285714285714285,LEU-TYR
LEU,VAL,0.3125,LEU-VAL
LYS,ALA,1.0,LYS-ALA
LYS,ARG,0.7777777777777778,LYS-ARG
LYS,ASN,0.0,LYS-ASN
LYS,ASP,1.0,LYS-ASP
LYS,CYS,0.5,LYS-CYS
LYS,GLN,0.6666666666666666,LYS-GLN
LYS,GLU,0.6666666666666666,LYS-GLU
LYS,GLY,0.75,LYS-GLY
LYS,HIS,0.5,LYS-HIS
LYS,LEU,0.6666666666666666,LYS-LEU
LYS,LYS,0.6363636363636364,LYS-LYS
LYS,MET,1.0,LYS-MET
LYS,PHE,1.0,LYS-PHE
LYS,PRO,0.7142857142857143,LYS-PRO
LYS,SER,0.75,LYS-SER
LYS,THR,0.6666666666666666,LYS-THR
LYS,TRP,1.0,LYS-TRP
LYS,TYR,1.0,LYS-TYR
LYS,VAL,0.0,LYS-VAL
MET,ALA,0.0,MET-ALA
MET,ARG,1.0,MET-ARG
MET,ASN,1.0,MET-ASN
MET,GLU,0.0,MET-GLU
MET,LEU,0.16666666666666666,MET-LEU
MET,LYS,0.5,MET-LYS
MET,MET,0.0,MET-MET
MET,PRO,1.0,MET-PRO
MET,SER,1.0,MET-SER
MET,THR,0.0,MET-THR
MET,TYR,0.3333333333333333,MET-TYR
MET,VAL,0.0,MET-VAL
PHE,ALA,0.5,PHE-ALA
PHE,ARG,1.0,PHE-ARG
PHE,ASN,1.0,PHE-ASN
PHE,ASP,0.6666666666666666,PHE-ASP
PHE,GLU,1.0,PHE-GLU
PHE,GLY,0.0,PHE-GLY
PHE,ILE,0.14285714285714285,PHE-ILE
PHE,LEU,0.3,PHE-LEU
PHE,LYS,1.0,PHE-LYS
PHE,MET,0.0,PHE-MET
PHE,PHE,0.0,PHE-PHE
PHE,PRO,0.6666666666666666,PHE-PRO
PHE,SER,0.2,PHE-SER
PHE,THR,0.0,PHE-THR
PHE,TYR,0.0,PHE-TYR
PHE,VAL,0.5,PHE-VAL
PRO,ALA,0.0,PRO-ALA
PRO,ARG,0.5,PRO-ARG
PRO,ASP,0.6,PRO-ASP
PRO,CYS,0.0,PRO-CYS
PRO,GLN,1.0,PRO-GLN
PRO,GLU,0.6666666666666666,PRO-GLU
PRO,GLY,1.0,PRO-GLY
PRO,HIS,0.0,PRO-HIS
PRO,ILE,0.0,PRO-ILE
PRO,LEU,1.0,PRO-LEU
PRO,LYS,1.0,PRO-LYS
PRO,MET,0.0,PRO-MET
PRO,PHE,0.25,PRO-PHE
PRO,PRO,1.0,PRO-PRO
PRO,SER,0.5,PRO-SER
PRO,THR,0.75,PRO-THR
PRO,TRP,0.0,PRO-TRP
PRO,TYR,1.0,PRO-TYR
SER,ALA,0.5,SER-ALA
SER,ARG,0.3333333333333333,SER-ARG
SER,ASN,0.6666666666666666,SER-ASN
SER,ASP,0.4,SER-ASP
SER,CYS,0.0,SER-CYS
SER,GLU,0.6666666666666666,SER-GLU
SER,GLY,0.75,SER-GLY
SER,ILE,0.0,SER-ILE
SER,LEU,0.6666666666666666,SER-LEU
SER,LYS,1.0,SER-LYS
SER,PHE,0.25,SER-PHE
SER,PRO,1.0,SER-PRO
SER,SER,0.7692307692307693,SER-SER
SER,THR,0.3333333333333333,SER-THR
SER,TRP,1.0,SER-TRP
SER,TYR,0.0,SER-TYR
SER,VAL,0.6666666666666666,SER-VAL
THR,ALA,1.0,THR-ALA
THR,ARG,1.0,THR-ARG
THR,ASN,0.7142857142857143,THR-ASN
THR,ASP,1.0,THR-ASP
THR,GLN,0.6666666666666666,THR-GLN
THR,GLU,0.75,THR-GLU
THR,GLY,0.0,THR-GLY
THR,HIS,0.6666666666666666,THR-HIS
THR,ILE,0.6666666666666666,THR-ILE
THR,LYS,1.0,THR-LYS
THR,MET,0.5,THR-MET
THR,PHE,0.0,THR-PHE
THR,PRO,0.5,THR-PRO
THR,SER,1.0,THR-SER
THR,THR,0.125,THR-THR
THR,TRP,1.0,THR-TRP
THR,TYR,1.0,THR-TYR
THR,VAL,0.5,THR-VAL
TRP,ALA,0.4,TRP-ALA
TRP,ARG,0.3333333333333333,TRP-ARG
TRP,ASN,1.0,TRP-ASN
TRP,ASP,0.0,TRP-ASP
TRP,GLN,1.0,TRP-GLN
TRP,GLU,1.0,TRP-GLU
TRP,ILE,1.0,TRP-ILE
TRP,LEU,0.0,TRP-LEU
TRP,LYS,0.5,TRP-LYS
TRP,MET,0.0,TRP-MET
TRP,PHE,0.0,TRP-PHE
TRP,PRO,0.5,TRP-PRO
TRP,SER,1.0,TRP-SER
TRP,THR,0.0,TRP-THR
TRP,TRP,0.0,TRP-TRP
TRP,TYR,0.0,TRP-TYR
TYR,ALA,0.0,TYR-ALA
TYR,ARG,0.5,TYR-ARG
TYR,ASN,0.0,TYR-ASN
TYR,ASP,1.0,TYR-ASP
TYR,GLU,1.0,TYR-GLU
TYR,GLY,0.5,TYR-GLY
TYR,ILE,0.0,TYR-ILE
TYR,LEU,0.6666666666666666,TYR-LEU
TYR,LYS,0.5,TYR-LYS
TYR,MET,0.0,TYR-MET
TYR,PHE,0.3333333333333333,TYR-PHE
TYR,PRO,1.0,TYR-PRO
TYR,SER,0.5,TYR-SER
TYR,THR,1.0,TYR-THR
TYR,TRP,0.0,TYR-TRP
TYR,TYR,0.1111111111111111,TYR-TYR
TYR,VAL,0.3333333333333333,TYR-VAL
VAL,ALA,0.42857142857142855,VAL-ALA
VAL,ARG,1.0,VAL-ARG
VAL,ASN,0.6666666666666666,VAL-ASN
VAL,CYS,1.0,VAL-CYS
VAL,GLN,1.0,VAL-GLN
VAL,GLU,0.6666666666666666,VAL-GLU
VAL,GLY,0.3333333333333333,VAL-GLY
VAL,HIS,0.6,VAL-HIS
VAL,ILE,0.0,VAL-ILE
VAL,LEU,0.0,VAL-LEU
VAL,LYS,1.0,VAL-LYS
VAL,MET,0.0,VAL-MET
VAL,PHE,0.0,VAL-PHE
VAL,PRO,0.0,VAL-PRO
VAL,SER,1.0,VAL-SER
VAL,THR,0.0,VAL-THR
VAL,TRP,0.0,VAL-TRP
VAL,TYR,0.2,VAL-TYR
VAL,VAL,0.2,VAL-VAL
